NGC_BMU_ID,BMGROUP_NAME,SETT_BMU_ID,1,2,3,4,5,6,7,8,9,10,11,12,13,14,15,16,17,X
ABRBO-1,Aberdeen Offshore W/F,T_ABRBO-1,,2,,4,5,6,7,8,9,,11,,,,,16,,
ABRTW-1,Auchrobert,E_ABRTW-1,,,,,,6,7,8,9,,11,,,,,16,,
ACHLW-1,Achlachan Wind Farm,C__PSMAR001,1,2,,4,5,6,7,8,9,,11,,,,,16,,
ACHRW-1,A'Chruach Wind Farm,T_ACHRW-1,1,2,3,4,5,6,7,8,9,,11,,,,,16,,
ACHYW-1,Achany Wind Farm,,1,2,,4,5,6,7,8,9,,11,,,,,16,,
AFTOW-1,Afton Wind Farm,T_AFTOW-1,,,,,,6,7,8,9,,11,,,,,16,,
AIRSW-1,Airies Wind Farm,E_AIRSW-1,,,,,,6,7,8,9,,11,,,,,16,,
AKGLW-1,Aikengall Wind Farm,,,,,,,6,7,8,9,,11,,,,,16,,
AKGLW-2,Aikengall II Wind Farm,T_AKGLW-2,,,,,,6,7,8,9,,11,,,,,16,,
AKGLW-3,Aikengall II Wind Farm,T_AKGLW-3,,,,,,6,7,8,9,,11,,,,,16,,
ANSUW-1,An Suidhe Wind Farm,T_ANSUW-1,,,3,4,5,6,7,8,9,,11,,,,,16,,
ARCHW-1,Arecleoch Wind Farm,T_ARCHW-1,,,,,,6,7,8,9,,11,,,,,16,,
ASHWW-1,Andershaw Wind Farm,E_ASHWW-1,,,,,,6,7,8,9,,11,,,,,16,,
BABAW-1,Baillie Wind Farm,E_BABAW-1,1,2,,4,5,6,7,8,9,,11,,,,,16,,
BAGE-1,Baglan Bay Power Station,T_BAGE-1,,,,,,,,,,,,12,,,,,,
BAGE-2,Baglan Bay Power Station,T_BAGE-2,,,,,,,,,,,,12,,,,,,
BDCHW-1,Bad A Cheo Wind Farm,T_BDCHW-1,1,2,,4,5,6,7,8,9,,11,,,,,16,,
BEATO-1,Beatrice Offshore W/Farm,T_BEATO-1,1,2,,4,5,6,7,8,9,,11,,,,,16,,
BEATO-2,Beatrice Offshore W/Farm,T_BEATO-2,1,2,,4,5,6,7,8,9,,11,,,,,16,,
BEATO-3,Beatrice Offshore W/Farm,T_BEATO-3,1,2,,4,5,6,7,8,9,,11,,,,,16,,
BEATO-4,Beatrice Offshore W/Farm,T_BEATO-4,1,2,,4,5,6,7,8,9,,11,,,,,16,,
BEINW-1,Beinneun Wind Farm,T_BEINW-1,1,2,,4,5,6,7,8,9,,11,,,,,16,,
BETHW-1,Beinn Tharsuinn,E_BETHW-1,1,2,,4,5,6,7,8,9,,11,,,,,16,,
BGLAW-1,Bienn Ghlas Wind,,,,3,4,5,6,7,8,9,,11,,,,,16,,
BHLAW-1,Bhlaraidh Wind Farm,T_BHLAW-1,1,2,,4,5,6,7,8,9,,11,,,,,16,,
BLKWW-1,Blackcraig W/F,T_BLKWW-1,,,,,,6,7,8,9,,11,,,,,16,,
BLLA-1,Blacklaw,T_BLLA-1,,,,,,6,7,8,9,,11,,,,,16,,
BLLA-2,Blacklaw Extension,T_BLLA-2,,,,,,6,7,8,9,,11,,,,,16,,
BNAKW-1,Ben Aketil,,1,2,,4,5,6,7,8,9,,11,,,,,16,,
BNWKW-1,Burn of Whilk W/F,E_BNWKW-1,1,2,,4,5,6,7,8,9,,11,,,,,16,,
BOULW-1,Boulfruich,,1,2,,4,5,6,7,8,9,,11,,,,,16,,
BOWLW-1,Barrow Offshore Wind Farm,T_BOWLW-1,,,,,,,,8,9,,,,,,,,,
BOYNW-1,Boyndie Wind Farm,,1,2,,4,5,6,7,8,9,,11,,,,,16,,
BRBEO-1,Burbo Extension,T_BRBEO-1,,,,,,,,8,9,,,,,,,,,
BRDUW-1,Braes of Doune,E_BRDUW-1,,,,4,5,6,7,8,9,,11,,,,,16,,
BRGG-1,Brigg,E_BRGG-1,,,,,,,,8,9,,11,,,,,16,,
BRYBW-1,Berry Burn Wind Farm,E_BRYBW-1,1,2,,4,5,6,7,8,9,,11,,,,,16,,
BTUIW-1,Beinn an Turic Wind,,,,3,4,5,6,7,8,9,,11,,,,,16,,
BTUIW-2,Beinn An Tuirc 2,E_BTUIW-2,1,2,3,4,5,6,7,8,9,,11,,,,,16,,
BTUIW-3,Beinn An Tuirc 3,E_BTUIW-3,1,2,3,4,5,6,7,8,9,,11,,,,,16,,
BURBW-1,Burbo Bank wind Farm,E_BURBO,,,,,,,,8,9,,,,,,,,,
CAIRW-1,Cairn Uish Wind,2_PPGEN001,1,2,,4,5,6,7,8,9,,11,,,,,16,,
CAIRW-2,Cairn Uish Wind,2__PSTAT001,1,2,,4,5,6,7,8,9,,11,,,,,16,,
CARR-1,Carrington P/S,T_CARR-1,,,,,,,,8,9,,,,,,,,,
CARR-2,Carrington P/S,T_CARR-2,,,,,,,,8,9,,,,,,,,,
CAS-BEU01,Beauly Cascade,M_CAS-BEU01,1,2,,4,5,6,7,8,9,,11,,,,,16,,
CAS-CLU01,Clunie Cascade,M_CAS-CLU01,,,,4,5,6,7,8,9,,11,,,,,16,,
CAS-CON01,Conon Cascade,M_CAS-CON01,1,2,,4,5,6,7,8,9,,11,,,,,16,,
CAS-GAR01,Garry Cascade,M_CAS-GAR01,1,2,3,4,5,6,7,8,9,,11,,,,,16,,
CAS-KIL01,Killin Cascade,M_CAS-KIL01,,,,4,5,6,7,8,9,,11,,,,,16,,
CAS-MOR01,Moriston Cascade,M_CAS-MOR01,1,2,,4,5,6,7,8,9,,11,,,,,16,,
CAUSW-1,Causeymire,,1,2,,4,5,6,7,8,9,,11,,,,,16,,
CDCL-1,Cottam Development Centre,T_CDCL-1,,,,,,,,,9,,,,,,,16,,
CDWTW-1,Calder Water W/F,,,,,,,6,7,8,9,,11,,,,,16,,
CGTHW-1,Corriegarth Wind Farm,T_CGTHW-1,1,2,,4,5,6,7,8,9,,11,,,,,16,,
CLAC-1,Clachan,E_CLAC-1,,,3,4,5,6,7,8,9,,11,,,,,16,,
CLDCW-1,Clyde Central Wind Farm,T_CLDCW-1,,,,,,6,7,8,9,,11,,,,,16,,
CLDNW-1,Clyde North Wind Farm,T_CLDNW-1,,,,,,6,7,8,9,,11,,,,,16,,
CLDRW-1,Clashindarroch W/F,E_CLDRW-1,,2,,4,5,6,7,8,9,,11,,,,,16,,
CLDSW-1,Clyde South Wind Farm,T_CLDSW-1,,,,,,6,7,8,9,,11,,,,,16,,
CLFLW-1,Clachan Flats Wind Farm,E_CLFLW-1,,,3,4,5,6,7,8,9,,11,,,,,16,,
CMSTW-1,Camster Wind Farm,2_PPGEN003,1,2,,4,5,6,7,8,9,,11,,,,,16,,
CNCLW-1,Coire Na Cloiche WF,E_CNCLW-1,1,2,,4,5,6,7,8,9,,11,,,,,16,,
CNQPS-1,Connah's Quay,T_CNQPS-1,,,,,,,,8,9,,,,,,,,,
CNQPS-2,Connah's Quay,T_CNQPS-2,,,,,,,,8,9,,,,,,,,,
CNQPS-3,Connah's Quay,T_CNQPS-3,,,,,,,,8,9,,,,,,,,,
CNQPS-4,Connah's Quay,T_CNQPS-4,,,,,,,,8,9,,,,,,,,,
CORB-1,Corby,E_CORB-1,,,,,,,,,,,,,,,,,,X
COSO-1,Coryton Energy Centre,T_COSO-1,,,,,,,,,,,,,,,15,,,
COUWW-1,Cour Wind Farm,T_COUWW-1,1,2,3,4,5,6,7,8,9,,11,,,,,16,,
COWE1,Cowes,E_COWE1,,,,,,,,,,10,,12,,,,,,
COWE2,Cowes,E_COWE2,,,,,,,,,,10,,12,,,,,,
CRDEW-1,Crossdykes Wind Farm,E_CRDEW-1,1,2,3,4,5,6,7,8,9,,11,,,,,16,,
CRDEW-2,Crossdykes Wind Farm,E_CRDEW-2,1,2,3,4,5,6,7,8,9,,11,,,,,16,,
CRGHW-1,Carraig Gheal Wind Farm,T_CRGHW-1,,,,4,5,6,7,8,9,,11,,,,,16,,
CRMHW-1,Cruach Mhor Farm,,,,,4,5,6,7,8,9,,11,,,,,16,,
CRMLW-1,Corrimoillie W/F,T_CRMLW-1,1,2,,4,5,6,7,8,9,,11,,,,,16,,
CRMNW-1,Corrimony Wind Farm,,1,2,,4,5,6,7,8,9,,11,,,,,16,,
CRUA-1,Cruachan,T_CRUA-1,,,,4,5,6,7,8,9,,11,,,,,16,,
CRUA-2,Cruachan,T_CRUA-2,,,,4,5,6,7,8,9,,11,,,,,16,,
CRUA-3,Cruachan,T_CRUA-3,,,,4,5,6,7,8,9,,11,,,,,16,,
CRUA-4,Cruachan,T_CRUA-4,,,,4,5,6,7,8,9,,11,,,,,16,,
CRYRW-1,Crystal Rig Wind Farm,,,,,,,6,7,8,9,,11,,,,,16,,
CRYRW-2,Crystal Rig II,T_CRYRW-2,,,,,,6,7,8,9,,11,,,,,16,,
CRYRW-3,Crystal Rig II,T_CRYRW-3,,,,,,6,7,8,9,,11,,,,,16,,
DALSW-1,Dalswinton,E_DALSW-1,,,,,,6,7,8,9,,11,,,,,16,,
DAMC-1,Damhead Creek,T_DAMC-1,,,,,,,,,,,,,,,15,,,
DDGNO-1,Dudgeon Offshore Wind Farm,T_DDGNO-1,,,,,,,,,,,,,,,,,,X
DDGNO-2,Dudgeon Offshore Wind Farm,T_DDGNO-2,,,,,,,,,,,,,,,,,,X
DDGNO-3,Dudgeon Offshore Wind Farm,T_DDGNO-3,,,,,,,,,,,,,,,,,,X
DDGNO-4,Dudgeon Offshore Wind Farm,T_DDGNO-4,,,,,,,,,,,,,,,,,,X
DEEP-1,Deeside,T_DEEP-1,,,,,,,,8,9,,,,,,,,,
DEUCW-1,Deucheran Hill Wind,,,,3,4,5,6,7,8,9,,11,,,,,16,,
DIDC01G,Didcot A,E_DIDC01G,,,,,,,,,,,,12,,,,,,
DIDC02G,Didcot A,E_DIDC02G,,,,,,,,,,,,12,,,,,,
DIDC03G,Didcot A,E_DIDC03G,,,,,,,,,,,,12,,,,,,
DIDC04G,Didcot A,E_DIDC04G,,,,,,,,,,,,12,,,,,,
DIDCB5,Didcot B,T_DIDCB5,,,,,,,,,,,,12,,,,,,
DIDCB6,Didcot B,T_DIDCB6,,,,,,,,,,,,12,,,,,,
DINO-1,Dinorwig,T_DINO-1,,,,,,,,8,9,,,,,,,,,
DINO-2,Dinorwig,T_DINO-2,,,,,,,,8,9,,,,,,,,,
DINO-3,Dinorwig,T_DINO-3,,,,,,,,8,9,,,,,,,,,
DINO-4,Dinorwig,T_DINO-4,,,,,,,,8,9,,,,,,,,,
DINO-5,Dinorwig,T_DINO-5,,,,,,,,8,9,,,,,,,,,
DINO-6,Dinorwig,T_DINO-6,,,,,,,,8,9,,,,,,,,,
DNBAR-1,Dunbar Biomass,2__NSMAR001,,,,,,6,7,8,9,,11,,,,,16,,
DNGB21,Dungeness B,T_DNGB21,,,,,,,,,,,,,,,15,,,
DNGB22,Dungeness B,T_DNGB22,,,,,,,,,,,,,,,15,,,
DNLWW-1,Dunlaw Wind Farm,T_DNLWW-1,,,,,,6,7,8,9,,11,,,,,16,,
DOREW-1,Dorenell WF,T_DOREW-1,1,2,,4,5,6,7,8,9,,11,,,,,16,,
DOREW-2,Dorenell WF,T_DOREW-2,1,2,,4,5,6,7,8,9,,11,,,,,16,,
DRAXX-1,Drax,T_DRAXX-1,,,,,,,,8,9,,11,,,,,16,,
DRAXX-10G,Drax,T_DRAXX-10G,,,,,,,,8,9,,11,,,,,16,,
DRAXX-12G,Drax,T_DRAXX-12G,,,,,,,,8,9,,11,,,,,16,,
DRAXX-2,Drax,T_DRAXX-2,,,,,,,,8,9,,11,,,,,16,,
DRAXX-3,Drax,T_DRAXX-3,,,,,,,,8,9,,11,,,,,16,,
DRAXX-4,Drax,T_DRAXX-4,,,,,,,,8,9,,11,,,,,16,,
DRAXX-5,Drax,T_DRAXX-5,,,,,,,,8,9,,11,,,,,16,,
DRAXX-6,Drax,T_DRAXX-6,,,,,,,,8,9,,11,,,,,16,,
DRAXX-9G,Drax,T_DRAXX-9G,,,,,,,,8,9,,11,,,,,16,,
DRDGW-1,Drumderg Wind Farm,,,,,4,5,6,7,8,9,,11,,,,,16,,
DRSLW-1,Dersalloch Wind Farm,T_DRSLW-1,,,,,,6,7,8,9,,11,,,,,16,,
DUMMW-1,Dummuies Windfarm,,1,2,,4,5,6,7,8,9,,11,,,,,16,,
DUNGW-1,Dunmaglass Wind Farm,T_DUNGW-1,1,2,,4,5,6,7,8,9,,11,,,,,16,,
EAAO-1,East Anglia One,T_EAAO-1,,,,,,,,,,,,,,,,,,X
EAAO-2,East Anglia One,T_EAAO-2,,,,,,,,,,,,,,,,,,X
EARBW-1,Earlsburn,,1,,,4,5,6,7,8,9,,11,,,,,16,,
EDINW-1,Edinbane Windfarm,T_EDINW-1,1,2,,4,5,6,7,8,9,,11,,,,,16,,
EDTRW-1,Edintore Wind Farm Limited,,1,2,,4,5,6,7,8,9,,11,,,,,16,,
EECL-1,Enfield Energy Centre,T_EECL-1,,,,,,,,,,,,,,14,,,,
ERRO-1,Errochty,T_ERRO-1,,,,4,5,6,7,8,9,,11,,,,,16,,
ERRO-2,Errochty,T_ERRO-2,,,,4,5,6,7,8,9,,11,,,,,16,,
ERRO-3,Errochty,T_ERRO-3,,,,4,5,6,7,8,9,,11,,,,,16,,
EWHLW-1,Ewe Hill Wind Farm,T_EWHLW-1,,,,,,6,7,8,9,,11,,,,,16,,
FAARW-1,Farr Windfarm,T_FARR-1,1,2,,4,5,6,7,8,9,,11,,,,,16,,
FAARW-2,Farr Windfarm,T_FARR-2,1,2,,4,5,6,7,8,9,,11,,,,,16,,
FALGW-1,Fallago Wind Farm,T_FALGW-1,,,,,,,7,8,9,,11,,,,,16,,
FASN-1,Fasnakyle,T_FASN-1,1,2,,4,5,6,7,8,9,,11,,,,,16,,
FASN-4,Fasnakyle,E_FASN-4,1,2,,4,5,6,7,8,9,,11,,,,,16,,
FASN2,Fasnakyle,T_FASN-2,1,2,,4,5,6,7,8,9,,11,,,,,16,,
FASN3,Fasnakyle,E_FASN-3,1,2,,4,5,6,7,8,9,,11,,,,,16,,
FAWN-1,Fawley North,E_FAWN-1,,,,,,,,,,10,,12,,,,,,
FELL-1,Fellside,E_FELL-1,,,,,,,,8,9,,,,,,,,,
FFES-1,Ffestiniog,T_FFES-1,,,,,,,,8,9,,,,,,,,,
FFES-2,Ffestiniog,T_FFES-2,,,,,,,,8,9,,,,,,,,,
FFES-3,Ffestiniog,T_FFES-3,,,,,,,,8,9,,,,,,,,,
FFES-4,Ffestiniog,T_FFES-4,,,,,,,,8,9,,,,,,,,,
FINL-1,Finlarig,T_FINL-1,,,,4,5,6,7,8,9,,11,,,,,16,,
FOYE-1,Foyers,T_FOYE-1,1,2,,4,5,6,7,8,9,,11,,,,,16,,
FOYE-2,Foyers,T_FOYE-2,1,2,,4,5,6,7,8,9,,11,,,,,16,,
FRBRW-1,Fairburn Wind Farm,,1,2,,4,5,6,7,8,9,,11,,,,,16,,
FSDLW-1,Freasdail,T_FSDLW-1,1,2,3,4,5,6,7,8,9,,11,,,,,16,,
GAOFO-1,Galloper Wind Farm,T_GANW-11,,,,,,,,,,,,,,,,,,X
GAOFO-2,Galloper Wind Farm,T_GANW-22,,,,,,,,,,,,,,,,,,X
GAOFO-3,Galloper Wind Farm,T_GANW-13,,,,,,,,,,,,,,,,,,X
GAOFO-4,Galloper Wind Farm,T_GANW-24,,,,,,,,,,,,,,,,,,X
GDSTW-1,Gordonstown  Wind Farm,E_GDSTW-1,1,2,,4,5,6,7,8,9,,11,,,,,16,,
GLCHW-1,Glenchamber Wind Farm,E_GLCHW-1,,,,,,6,7,8,9,,11,,,,,16,,
GLNDO-1,Glendoe Hydro,T_GLNDO-1,1,2,,4,5,6,7,8,9,,11,,,,,16,,
GLOFW-1,Glens of Foudland,E_GLOFW-1,1,2,,4,5,6,7,8,9,,11,,,,,16,,
GLWSW-1,Galawhistle Wind Farm,T_GLWSW-1,,,,,,6,7,8,9,,11,,,,,16,,
GNAPW-1,Glen App WindFarm,T_GNAPW-1,,,,,,6,7,8,9,,11,,,,,16,,
GNFSW-1,Gunfleet Sands,T_GNFSW-1,,,,,,,,,,,,,,,,,,X
GNFSW-2,Gunfleet Sands,E_GNFSW-2,,,,,,,,,,,,,,,,,,X
GORDW-1,Gordon Bush Wind Farm,T_GORDW-1,1,2,,4,5,6,7,8,9,,11,,,,,16,,
GORDW-2,Gordon Bush Wind Farm,T_GORDW-2,1,2,,4,5,6,7,8,9,,11,,,,,16,,
GRAI-6,Grain,T_GRAI-6,,,,,,,,,,,,,,,15,,,
GRAI-7,Grain,T_GRAI-7,,,,,,,,,,,,,,,15,,,
GRAI-8,Grain,T_GRAI-8,,,,,,,,,,,,,,,15,,,
GRAI1G,Grain,T_GRAI1G,,,,,,,,,,,,,,,15,,,
GRAI4G,Grain,T_GRAI4G,,,,,,,,,,,,,,,15,,,
GRGBW-1,Greater Gabbard,T_GRGBW-1,,,,,,,,,,,,,,,,,,X
GRGBW-2,Greater Gabbard,T_GRGBW-2,,,,,,,,,,,,,,,,,,X
GRGBW-3,Greater Gabbard,T_GRGBW-3,,,,,,,,,,,,,,,,,,X
GRIFW-1,Griffin Windfarm,T_GRIFW-1,,,,4,5,6,7,8,9,,11,,,,,16,,
GRIFW-2,Griffin Windfarm,T_GRIFW-2,,,,4,5,6,7,8,9,,11,,,,,16,,
GRMO-1,Grangemouth,T_GRMO-1,,,,,,6,7,8,9,,11,,,,,16,,
GRUB-1,Grudie Bridge,,1,2,,4,5,6,7,8,9,,11,,,,,16,,
GRUB-2,Grudie Bridge,,1,2,,4,5,6,7,8,9,,11,,,,,16,,
GYAR-1,Great Yarmouth,E_GYAR-1,,,,,,,,,,,,,,,,,,X
GYMRO-15,Gwynt Y Mor,T_GYMR-15,,,,,,,,8,9,,,,,,,,,
GYMRO-17,Gwynt Y Mor,T_GYMR-17,,,,,,,,8,9,,,,,,,,,
GYMRO-26,Gwynt Y Mor,T_GYMR-26,,,,,,,,8,9,,,,,,,,,
GYMRO-28,Gwynt Y Mor,T_GYMR-28,,,,,,,,8,9,,,,,,,,,
HADHW-1,Hadyard Hill Windfarm,T_HADHW-1,,,,,,6,7,8,9,,11,,,,,16,,
HALSW-1,Halsary Wind Farm,T_HALSW-1,1,2,3,4,5,6,7,8,9,,11,,,,,16,,
HAWFW-1,Hagshaw Hill Wind Farm,,,,,4,5,6,7,8,9,,11,,,,,16,,
HBHDW-1,Harburnhead Wind Farm,E_HBHDW-1,,,,,,6,7,8,9,,11,,,,,16,,
HEYM11,Heysham 1,T_HEYM11,,,,,,,,8,9,,,,,,,,,
HEYM12,Heysham 1,T_HEYM12,,,,,,,,8,9,,,,,,,,,
HEYM27,Heysham 2,T_HEYM27,,,,,,,,8,9,,,,,,,,,
HEYM28,Heysham 2,T_HEYM28,,,,,,,,8,9,,,,,,,,,
HINB-7,Hinkley Point B,T_HINB-7,,,,,,,,,,10,,12,13,,,,,
HINB-8,Hinkley Point B,T_HINB-8,,,,,,,,,,10,,12,13,,,,,
HLGLW-1,Hill of Glaschyle,E_HLGLW-1,1,,,4,5,6,7,8,9,,11,,,,,16,,
HLTWW-1,Hill of Towie Wind Farm,E_HLTWW-1,1,2,,4,5,6,7,8,9,,11,,,,,16,,
HMGTO-1,Humber Gateway Offshore Wind Farm,T_HMGTO-1,,,,,,,,8,9,,11,,,,,16,,
HMGTO-2,Humber Gateway Offshore Wind Farm,T_HMGTO-2,,,,,,,,8,9,,11,,,,,16,,
HOWAO-1,Hornsea Offshore W/F,T_HOWAO-1,,,,,,,,8,9,,11,,,,,16,,
HOWAO-2,Hornsea Offshore W/F,T_HOWAO-2,,,,,,,,8,9,,11,,,,,16,,
HOWAO-3,Hornsea Offshore W/F,T_HOWAO-3,,,,,,,,8,9,,11,,,,,16,,
HRHLW-1,Hare Hill Ext Wind Farm,E_HRHLW-1,,,,,,6,7,8,9,,11,,,,,16,,
HRSTW-1,Harestanes Wind Farm,T_HRSTW-1,,,,,,6,7,8,9,,11,,,,,16,,
HRTL-1,Hartlepool,T_HRTL-1,,,,,,,7,8,9,,11,,,,,16,,
HRTL-2,Hartlepool,T_HRTL-2,,,,,,,7,8,9,,11,,,,,16,,
HUMR-1,Immingham CHP LLP,T_HUMR-1,,,,,,,,8,9,,11,,,,,16,,
HUNB-7,Hunterston,T_HUNB-7,,,,,,6,7,8,9,,11,,,,,16,,
HUNB-8,Hunterston,T_HUNB-8,,,,,,6,7,8,9,,11,,,,,16,,
HYWDW-1,Hywind Wind Farm,E_HYWDW-1,,2,,4,5,6,7,8,9,,11,,,,,16,,
INAW-1,Inverawe,,,,3,4,5,6,7,8,9,,11,,,,,16,,
INDQ-1,Indian Queens,T_INDQ-1,,,,,,,,,,10,,12,13,,,,,
JGPR-1,JG Pears Power Limited,T_JGPR-1,,,,,,,,,9,,,,,,,16,,
KEAD-1,Keadby,T_KEAD-1,,,,,,,,8,9,,11,,,,,16,,
KEAD-2,Keadby,T_KEAD-2,,,,,,,,8,9,,11,,,,,16,,
KEADGT-3,Keadby,T_KEADGT-3,,,,,,,,8,9,,11,,,,,16,,
KILBW-1,Kilbraur Wind Farm,T_KILBW-1,1,2,,4,5,6,7,8,9,,11,,,,,16,,
KILLPG-1,Killingholme (PG),T_KILLPG-1,,,,,,,,8,9,,11,,,,,16,,
KILLPG-2,Killingholme (PG),T_KILLPG-2,,,,,,,,8,9,,11,,,,,16,,
KILNS-1,Killingholme Control Point,T_KILNS-1,,,,,,,,8,9,,11,,,,,16,,
KINCW-1,Kincardine Offshore Wind Farm,E_KINCW-1,,2,,4,5,6,7,8,9,,11,,,,,16,,
KLDMW-1,Kildrummy Wind Farm,,,2,,4,5,6,7,8,9,,11,,,,,16,,
KLGLW-1,Kilgallioch Wind Farm,T_KLGLW-1,,,,,,6,7,8,9,,11,,,,,16,,
KLYN-A-1,Kings Lynn,E_KLYN-A-1,,,,,,,,,,,,,,,,,,X
KPMRW-1,Kype Muir Wind Farm,T_KPMRW-1,,,,4,5,6,7,8,9,,11,,,,,16,,
KTHLW-1,Keith Hill Wind Farm,T_KTHLW-1,,,,,,6,7,8,9,,11,,,,,16,,
LAGA-1,Langage Power Station,T_LAGA-1,,,,,,,,,,10,,12,13,,,,,
LARYO-1,London Array Wind Farm,T_LARYW-1,,,,,,,,,,,,,,,15,,,
LARYO-2,London Array Wind Farm,T_LARYW-2,,,,,,,,,,,,,,,15,,,
LARYO-3,London Array Wind Farm,T_LARYW-3,,,,,,,,,,,,,,,15,,,
LARYO-4,London Array Wind Farm,T_LARYW-4,,,,,,,,,,,,,,,15,,,
LBAR-1,Little Barford,T_LBAR-1,,,,,,,,,,,,,,,,,,X
LBAR-1G,Little Barford,T_LBAR-1G,,,,,,,,,,,,,,,,,,X
LCLTW-1,Lochluichart,T_LCLTW-1,1,2,,4,5,6,7,8,9,,11,,,,,16,,
LCSMH-1,SIMEC Lochaber Hydro,,1,2,,4,5,6,7,8,9,,11,,,,,16,,
LGPKW-1,Longpark Wind Farm,,,,,,,6,7,8,9,,11,,,,,16,,
LNCSO-1,Lincs Wind Farm,T_LNCSW-1,,,,,,,,,,,,,,,,,,X
LNCSO-2,Lincs Wind Farm,T_LNCSW-2,,,,,,,,,,,,,,,,,,X
LNMTH-1,Lynemouth P/S,E_LYNE1,,,,,,,7,8,9,,11,,,,,16,,
LNMTH-2,Lynemouth P/S,E_LYNE2,,,,,,,7,8,9,,11,,,,,16,,
LNMTH-3,Lynemouth P/S,E_LYNE3,,,,,,,7,8,9,,11,,,,,16,,
MARK-1,Markinch Biomass,E_MARK-1,,,,,5,6,7,8,9,,11,,,,,16,,
MDHLW-1,Mid Hill Wind Farm,2__PSTAT002,,2,,4,5,6,7,8,9,,11,,,,,16,,
MEDP-1,Medway,T_MEDP-1,,,,,,,,,,,,,,,15,,,
MIDMW-1,Middle Muir W/F,T_MIDMW-1,,,,4,5,6,7,8,9,,11,,,,,16,,
MILWW-1,Millennium Windfarm,T_MILWW-1,1,2,,4,5,6,7,8,9,,11,,,,,16,,
MINSW-1,Minsca,E_MINSW-1,,,,,,6,7,8,9,,11,,,,,16,,
MKHLW-1,Mark Hill Wind Farm,T_MKHLW-1,,,,,,6,7,8,9,,11,,,,,16,,
MOWEO-1,My Moray East Wind Farm,T_MOWEO-1,1,2,3,4,5,6,7,8,9,,11,,,,,16,,
MOWEO-2,My Moray East Wind Farm,T_MOWEO-2,1,2,3,4,5,6,7,8,9,,11,,,,,16,,
MOWEO-3,My Moray East Wind Farm,T_MOWEO-3,1,2,3,4,5,6,7,8,9,,11,,,,,16,,
MOYEW-1,Moy Wind Farm,E_MOYEW-1,1,2,,4,5,6,7,8,9,,11,,,,,16,,
MRWD-1,Marchwood,T_MRWD-1,,,,,,,,,,10,,12,13,,,,,
MYGPW-1,Minnygap,T_MYGPW-1,,,,,,6,7,8,9,,11,,,,,16,,
NANT-1,Nant,T_NANT-1,,,3,4,5,6,7,8,9,,11,,,,,16,,
NOVAW-1,Novar Wind Farm,,1,2,,4,5,6,7,8,9,,11,,,,,16,,
NOVAW-2,Novar Wind Farm,,1,2,,4,5,6,7,8,9,,11,,,,,16,,
NSQYT-1,Ness of Quoys Tidal Farm,,1,2,,4,5,6,7,8,9,,11,,,,,16,,
OMNDO-1,Ormonde Eng Ltd,T_OMNDW-1,,,,,,,,8,9,,,,,,,,,
PAUHW-1,Pauls' Hill Aberlour,2_PPGEN002,1,2,,4,5,6,7,8,9,,11,,,,,16,,
PEHE-1,Peterhead,T_PEHE-1,,2,,4,5,6,7,8,9,,11,,,,,16,,
PEMB-11,Pembroke Power Station,T_PEMB-11,,,,,,,,,,,,12,,,,,,
PEMB-21,Pembroke Power Station,T_PEMB-21,,,,,,,,,,,,12,,,,,,
PEMB-31,Pembroke Power Station,T_PEMB-31,,,,,,,,,,,,12,,,,,,
PEMB-41,Pembroke Power Station,T_PEMB-41,,,,,,,,,,,,12,,,,,,
PEMB-51,Pembroke Power Station,T_PEMB-51,,,,,,,,,,,,12,,,,,,
PETEM1,Peterborough,E_PETEM1,,,,,,,,,,,,,,,,,,X
PGBIW-1,Pogbie Wind Farm,T_PGBIW-1,,,,,,6,7,8,9,,11,,,,,16,,
PNYCW-1,Pen y Cymoedd Wind Farm,T_PNYCW-1,,,,,,,,,,,,12,,,,,,
PTLDW-1,Pentland Road Wind Farm,,1,2,,4,5,6,7,8,9,,11,,,,,16,,
RANN-1,Rannoch,,,,,4,5,6,7,8,9,,11,,,,,16,,
RANN-2,Rannoch,,,,,4,5,6,7,8,9,,11,,,,,16,,
RANN-3,Rannoch,,,,,4,5,6,7,8,9,,11,,,,,16,,
RATS-1,Ratcliffe,T_RATS-1,,,,,,,,,9,,,,,,,,17,
RATS-2,Ratcliffe,T_RATS-2,,,,,,,,,9,,,,,,,,17,
RATS-3,Ratcliffe,T_RATS-3,,,,,,,,,9,,,,,,,,17,
RATS-4,Ratcliffe,T_RATS-4,,,,,,,,,9,,,,,,,,17,
RATSGT-2,Ratcliffe,T_RATSGT-2,,,,,,,,,9,,,,,,,,17,
RATSGT-4,Ratcliffe,T_RATSGT-4,,,,,,,,,9,,,,,,,,17,
RCBKO-1,Race Bank Offshore Wind Farm,T_RCBKO-1,,,,,,,,,,,,,,,,,,X
RCBKO-2,Race Bank Offshore Wind Farm,T_RCBKO-2,,,,,,,,,,,,,,,,,,X
REDGT-1,Redditch Power Station,E_REDGT-1,,,,,,,,,9,,,,,,,,17,
RMPNO-1,Rampion Offshore Wind,T_RMPNO-1,,,,,,,,,,10,,12,,,,,,
RMPNO-2,Rampion Offshore Wind,T_RMPNO-2,,,,,,,,,,10,,12,,,,,,
ROCK-1,Rocksavage,T_ROCK-1,,,,,,,,8,9,,,,,,,,,
RREW-1,Robin Rigg East,T_RREW-1,,,,,,,7,8,9,,11,,,,,16,,
RRWW-1,Robin Rigg West,T_RRWW-1,,,,,,,7,8,9,,11,,,,,16,,
RSHLW-1,Rosehall Wind Farm,E_RSHLW-1,1,2,,4,5,6,7,8,9,,11,,,,,16,,
RYHPS-1,Rye House Power Station,T_RYHPS-1,,,,,,,,,,,,,,14,,,,
SANQW-1,Sanquhar W/F,T_SANQW-1,,,,,,6,7,8,9,,11,,,,,16,,
SCCL-1,Saltend,T_SCCL-1,,,,,,,,8,9,,11,,,,,16,,
SCCL-2,Saltend,T_SCCL-2,,,,,,,,8,9,,11,,,,,16,,
SCCL-3,Saltend,T_SCCL-3,,,,,,,,8,9,,11,,,,,16,,
SEAB-1,Seabank,T_SEAB-1,,,,,,,,,,,,12,,,,,,
SEAB-2,Seabank,T_SEAB-2,,,,,,,,,,,,12,,,,,,
SEEL-1,Spalding Energy Expansion,T_SEEL-1,,,,,,,,,9,,,,,,,16,,
SFIL-1,St Fillans,,,,,4,5,6,7,8,9,,11,,,,,16,,
SHBA-1,South Humber,T_SHBA-1,,,,,,,,8,9,,11,,,,,16,,
SHBA-2,South Humber,T_SHBA-2,,,,,,,,8,9,,11,,,,,16,,
SHIN-1,Shin,,1,2,,4,5,6,7,8,9,,11,,,,,16,,
SHIN-2,Shin,,1,2,,4,5,6,7,8,9,,11,,,,,16,,
SHOS-1,Shoreham,E_SHOS-1,,,,,,,,,,10,,12,,,,,,
SHRSO-1,Sheringham Shoal Wind Farm,T_SHRSW-1,,,,,,,,,,,,,,,,,,X
SHRSO-2,Sheringham Shoal Wind Farm,T_SHRSW-2,,,,,,,,,,,,,,,,,,X
SIMEC-1,SIMEC Uskmouth Power,T_SIMEC-1,,,,,,,,,,,,12,,,,,,
SIZB-1,Sizewell B,T_SIZB-1,,,,,,,,,,,,,,,,,,X
SIZB-2,Sizewell B,T_SIZB-2,,,,,,,,,,,,,,,,,,X
SLOY-1,Sloy,M_SLOY-1,,,3,4,5,6,7,8,9,,11,,,,,16,,
SLOY-2,Sloy,T_SLOY-2,,,3,4,5,6,7,8,9,,11,,,,,16,,
SLOY-3,Sloy,T_SLOY-3,,,3,4,5,6,7,8,9,,11,,,,,16,,
SLOY-4,Sloy,M_SLOY-4,,,3,4,5,6,7,8,9,,11,,,,,16,,
SPEY-1,Speyside,,1,2,,4,5,6,7,8,9,,11,,,,,16,,
SPLN-1,Spalding Power Station,T_SPLN-1,,,,,,,,,9,,,,,,,16,,
STAY-1,Staythorpe,T_STAY-1,,,,,,,,,9,,,,,,,16,,
STAY-2,Staythorpe,T_STAY-2,,,,,,,,,9,,,,,,,16,,
STAY-3,Staythorpe,T_STAY-3,,,,,,,,,9,,,,,,,16,,
STAY-4,Staythorpe,T_STAY-4,,,,,,,,,9,,,,,,,16,,
STCR-1,Stevens Croft,,,,,,,6,7,8,9,,11,,,,,16,,
STLGW-1,Stronelairg W/F,T_STLGW-1,1,2,,4,5,6,7,8,9,,11,,,,,16,,
STLGW-2,Stronelairg W/F,T_STLGW-2,1,2,,4,5,6,7,8,9,,11,,,,,16,,
STLGW-3,Stronelairg W/F,T_STLGW-3,1,2,,4,5,6,7,8,9,,11,,,,,16,,
STPSW-1,Stroupster W/Farm,,1,2,,4,5,6,7,8,9,,11,,,,,16,,
STRNW-1,Strathy North Wind Farm,T_STRNW-1,1,2,,4,5,6,7,8,9,,11,,,,,16,,
SUTB-1,Sutton Bridge,T_SUTB-1,,,,,,,,,,,,,,,,,,X
SVRP-10,Severn Power,T_SVRP-10,,,,,,,,,,,,12,,,,,,
SVRP-20,Severn Power,T_SVRP-20,,,,,,,,,,,,12,,,,,,
TANGW-1,"Tangy Wind, Argyll",,,,3,4,5,6,7,8,9,,11,,,,,16,,
TAYL2G,Taylors Lane,E_TAYL2G,,,,,,,,,,,,,,14,,,,
TAYL3G,Taylors Lane,E_TAYL3G,,,,,,,,,,,,,,14,,,,
TDBNW-1,Toddleburn Wind Farm,T_TDBNW-1,,,,,,6,7,8,9,,11,,,,,16,,
THNTO-1,Thanet Offshore Wind,T_THNTO-1,,,,,,,,,,,,,,,15,,,
THNTO-2,Thanet Offshore Wind,T_THNTO-2,,,,,,,,,,,,,,,15,,,
TKNEW-1,Triton Knoll Wind,T_TKNEW-1,,,,,,,,,9,,,,,,,16,,
TKNWW-1,Triton Knoll Wind,T_TKNWW-1,,,,,,,,,9,,,,,,,16,,
TLYMW-1,Tullymurdoch W/F,E_TLYMW-1,,,,4,5,6,7,8,9,,11,,,,,16,,
TMNCW-1,Tom Nan Clach WF,,1,2,,4,5,6,7,8,9,,11,,,,,16,,
TMWLW-1,Tormywheel,,1,,,4,5,6,7,8,9,,11,,,,,16,,
TONG-1,Tongland,,,,,,,6,7,8,9,,11,,,,,16,,
TONG-2,Tongland,,,,,,,6,7,8,9,,11,,,,,16,,
TONG-3,Tongland,,,,,,,6,7,8,9,,11,,,,,16,,
TORN-1,Torness,T_TORN-1,,,,,,6,7,8,9,,11,,,,,16,,
TORN-2,Torness,T_TORN-2,,,,,,6,7,8,9,,11,,,,,16,,
TRLGW-1,Tralorg,T_TRLGW-1,,,,,,6,7,8,9,,11,,,,,16,,
TSREP-1,MGT Teesside,T_TSREP-1,,,,,,,7,8,9,,11,,,,,16,,
TULWW-1,"Tullo, Laurencekirk",E_TULWW-1,,2,,4,5,6,7,8,9,,11,,,,,16,,
TULWW-2,Tullo II,E_TULWW-2,,2,,4,5,6,7,8,9,,11,,,,,16,,
TUMB-1,Tummel Bridge,,,,,4,5,6,7,8,9,,11,,,,,16,,
TUMB-2,Tummel Bridge,,,,,4,5,6,7,8,9,,11,,,,,16,,
TWSHW-1,Twent Shillings,T_TWSHW-1,,,,,,6,7,8,9,,11,,,,,16,,
USKM-13,Uskmouth Power Station,T_USKM-13,,,,,,,,,,,,12,,,,,,
USKM-14,Uskmouth Power Station,T_USKM-14,,,,,,,,,,,,12,,,,,,
USKM-15,Uskmouth Power Station,T_USKM-15,,,,,,,,,,,,12,,,,,,
WBUGT-1,West Burton,T_WBUGT-1,,,,,,,,,9,,,,,,,16,,
WBUGT-4,West Burton,T_WBUGT-4,,,,,,,,,9,,,,,,,16,,
WBUPS-1,West Burton,T_WBUPS-1,,,,,,,,,9,,,,,,,16,,
WBUPS-2,West Burton,T_WBUPS-2,,,,,,,,,9,,,,,,,16,,
WBUPS-3,West Burton,T_WBUPS-3,,,,,,,,,9,,,,,,,16,,
WBUPS-4,West Burton,T_WBUPS-4,,,,,,,,,9,,,,,,,16,,
WBURB-1,West Burton B PS,T_WBURB-1,,,,,,,,,9,,,,,,,16,,
WBURB-2,West Burton B PS,T_WBURB-2,,,,,,,,,9,,,,,,,16,,
WBURB-3,West Burton B PS,T_WBURB-3,,,,,,,,,9,,,,,,,16,,
WBURB-41,West Burton B PS,T_WBURB-41,,,,,,,,,9,,,,,,,16,,
WBURB-43,West Burton B PS,T_WBURB-43,,,,,,,,,9,,,,,,,16,,
WDNSO-1,West of Duddon Sands,T_WDNSO-1,,,,,,,,8,9,,,,,,,,,
WDNSO-2,West of Duddon Sands,T_WDNSO-2,,,,,,,,8,9,,,,,,,,,
WDRGW-1,Windy Riggs W/F,T_WDRGW-1,,,,,,6,7,8,9,,11,,,,,16,,
WHIHW-1,Whiteside Hill W/F,T_WHIHW-1,,,,,,6,7,8,9,,11,,,,,16,,
WHILW-1,Whitelee Windfarm,T_WHILW-1,,,,,,6,7,8,9,,11,,,,,16,,
WHILW-2,Whitelee Windfarm,T_WHILW-2,,,,,,6,7,8,9,,11,,,,,16,,
WILCT-1,Wilton,T_WILCT-1,,,,,,,7,8,9,,11,,,,,16,,
WINN-1,Winnington CHP,E_WINN-1,,,,,,,,8,9,,,,,,,,,
WISTW-2,Windy Standard II,T_WISTW-2,,,,,,6,7,8,9,,11,,,,,16,,
WLNYO-2,Walney Wind Farm,T_WLNYO-2,,,,,,,,8,9,,,,,,,,,
WLNYO-3,Walney Wind Farm,T_WLNYO-3,,,,,,,,8,9,,,,,,,,,
WLNYO-4,Walney Wind Farm,T_WLNYO-4,,,,,,,,8,9,,,,,,,,,
WLNYW-1,Walney Wind Farm,T_WLNYW-1,,,,,,,,8,9,,,,,,,,,
WTGRW-1,Wethergar,T_WTGRW-1,1,2,,4,5,6,7,8,9,,11,,,,,16,,
WTMSO-1,Westmost Rough Ltd,T_WTMSO-1,,,,,,,,8,9,,11,,,,,16,,